<?xml version="1.0" encoding="UTF-8"?>
<!DOCTYPE bibliography SYSTEM "bibliography.dtd">
<?xml-stylesheet href="bibliography.css" type="text/css"?>
<bibliography>
     <heading>
         <name>KUMAR RAMESH</name>
         <neptune>QC5887</neptune>
     </heading>   
    <book>
        <author>Don Miguel Ruiz</author>
        <title>The four agreements</title>
        <publisher>Amber-Allen Publishing</publisher>
        <year>2018</year>
        <ISBN>978-1878424310</ISBN>
    </book>

    <book>
        <author>J.K.Rowling</author>
        <title>Harry Potter and the Philosopher's Stone</title>
        <publisher>Bloomsbury Children's Books</publisher>
        <year>2014</year>
        <ISBN>978-1408855652</ISBN>
        <URL>https://harrypotter.fandom.com/wiki/Harry_Potter_and_the_Philosopher%27s_Stone</URL>
    </book>

    <book>
        <author>E Balagurusamy</author>
        <title>Programming with Java</title>
        <edition>6th Edition</edition>
        <publisher>McGraw-Hil</publisher>
        <year>2019 </year>
        <ISBN>978-9353162344</ISBN>
    </book>

    <book>
        <author>Dee Davis</author>
        <title>Midnight Rain</title>
        <publisher>Pocito Press</publisher>
        <year>2015 </year>
        <ISBN>1517369053</ISBN>
    </book>

    <book>
        <author>Hanya Yanagihara</author>
        <title>A Little Life</title>
        <publisher>Doubleday</publisher>
        <year>2015</year>
        <ISBN>0-385-53925-8</ISBN>
    </book>

    <book>
        <author>Hamish Hamilton</author>
        <title>The Man Who Saw Everything</title>
        <publisher>Bloomsbury</publisher>
        <year>2019</year>
        <ISBN>9780241268025</ISBN>
    </book>


</bibliography>